{"cameraMode":{"drawMode":0,"name":"Shaded","section":"Shading Mode"},"sceneLighting":true,"audioPlay":false,"sceneViewState":{"m_AlwaysRefresh":false,"showFog":true,"showSkybox":false,"showFlares":true,"showImageEffects":true,"showParticleSystems":true,"showVisualEffectGraphs":true,"m_FxEnabled":true},"in2DMode":false,"pivot":{"x":-0.09956257045269013,"y":0.8236742615699768,"z":1.461301326751709},"rotation":{"x":-0.03479020297527313,"y":0.9636403918266296,"z":-0.21327385306358338,"w":-0.1571933925151825},"size":0.002025995869189501,"orthographic":false}